{"type": "splits", "data": {"nouns": ["drona"], "quoted_texts": [], "heritage_query": ""}}
{"type": "definition", "data": {"given_word": "drona", "success": true, "found_match": true, "details": {"word": "dro\u1e47a", "other_scripts": {"devanagari": "dro\u1e47a", "english": "drona"}, "llm_def": "Dro\u1e47a, primarily known as the revered military preceptor of the P\u0101\u1e47\u1e0davas and Kauravas, is also recognized in various contexts as a grain measure, a mountain, a cloud, and a bird. Born from a vessel due to his father Bharadv\u0101ja's encounter with the Apsaras Gh\u1e5bt\u0101c\u012b, he is celebrated for imparting martial skills and wisdom, notably teaching Arjuna and becoming a pivotal figure in the Kuruk\u1e63etra war, where his fate intertwined with tragedy and honor.", "definitions": [{"text": "the teacher Drona", "dict_ref_id": 191976, "word_hyplinks": [{"word": "drona", "end_index": 17, "start_index": 12}], "short_text": "the teacher Drona", "language": "English", "source": "Sanskrit Glossary from Sanskrit Documents Website", "src_short_title": "Skt Glossary, (extracted 2024), SanskritDocuments.org", "source_url": "https://sanskritdocuments.org/dict/dictall.html"}, {"text": "Dro\u1e47a, also known as dro\u1e47a, was a multifaceted figure in hind\u016b mythology. He served as the warrior-preceptor who trained both the P\u0101\u1e47\u1e0davas and Kauravas, including imparting the powerful Brahm\u0101stra to arjuna [5][4]. As the Kaurava commander during the Kuruk\u1e63etra war, he orchestrated abhimanyu's demise by devising the Chakravyuha formation, leading to his death [1][2]. He was killed through deceit during the same war [5]. Additionally, Dro\u1e47a is associated with a specific shape of bricks used in the agnicayana ritual, representing a trough [3]. In the context of the mah\u0101bh\u0101rata, he is featured in the Prapannag\u012bt\u0101's verses and is deemed less virtuous than Vidura, who refused to support the Kauravas in battle [7][8]. His previous life was as nanda, a vasu who performed severe austerities to have God as their son [6].\nReferences:\nThe content is extracted from the below word(s) in Conc. Encyl. Hinduism, Swami Harshananda,\n[1] abhimanyu, Conc. Encyl. Hinduism, Swami Harshananda\n[2] abhimanyu, Conc. Encyl. Hinduism, Swami Harshananda\n[3] Agnicayana, Conc. Encyl. Hinduism, Swami Harshananda\n[4] Brahm\u0101stra, Conc. Encyl. Hinduism, Swami Harshananda\n[5] mah\u0101bh\u0101rata, Conc. Encyl. Hinduism, Swami Harshananda\n[6] nanda, Conc. Encyl. Hinduism, Swami Harshananda\n[7] Prapannag\u012bt\u0101, Conc. Encyl. Hinduism, Swami Harshananda\n[8] Vidura, Conc. Encyl. Hinduism, Swami Harshananda", "dict_ref_id": 690569, "word_hyplinks": [{"word": "dro\u1e47a", "end_index": 5, "start_index": 0}, {"word": "hind\u016b", "end_index": 62, "start_index": 57}, {"word": "p\u0101\u1e47\u1e0davas", "end_index": 138, "start_index": 130}, {"word": "kauravas", "end_index": 151, "start_index": 143}, {"word": "brahm\u0101stra", "end_index": 196, "start_index": 186}, {"word": "arjuna", "end_index": 206, "start_index": 200}, {"word": "kaurava", "end_index": 150, "start_index": 143}, {"word": "kuruk\u1e63etra", "end_index": 261, "start_index": 251}, {"word": "chakravyuha", "end_index": 329, "start_index": 318}, {"word": "agnicayana", "end_index": 512, "start_index": 502}, {"word": "mah\u0101bh\u0101rata", "end_index": 581, "start_index": 570}, {"word": "vidura", "end_index": 666, "start_index": 660}, {"word": "nanda", "end_index": 752, "start_index": 747}, {"word": "vasu", "end_index": 760, "start_index": 756}, {"word": "god", "end_index": 805, "start_index": 802}, {"word": "hinduism", "end_index": 908, "start_index": 900}, {"word": "harshananda", "end_index": 927, "start_index": 916}, {"word": "abhimanyu", "end_index": 292, "start_index": 283}, {"word": "prapannag\u012bt\u0101", "end_index": 617, "start_index": 605}], "short_text": "Dro\u1e47a, also known as dro\u1e47a, was a multifaceted figure in hind\u016b mythology. He served as the warrio...", "language": "English", "source": "Concise Encyclopedia of Hinduism by Swami Harshananda, (extracted 2024), hindupedia.org", "src_short_title": "Conc. Encyl. Hinduism, Swami Harshananda, (extracted 2024), hindupedia.org", "source_url": "https://hindupedia.com/en/Category:Concise_Encyclopedia_of_Hinduism"}, {"text": "Drona was a Brahmin whose home was located in Vethadv\u012bpa, near Allakappa [1]. He is also known for receiving the city of Ahicchatra from Arjuna along with Kampilya [2], and for being the one who distributed Buddha's relics after his death, associated with the Drona-st\u016bpa [3].\n\nReferences:\nThe content is extracted from the below word(s) in Hist. Geo. Anc. India, B C Law, 1954,\n[1] vethadv\u012bpa, Hist. Geo. Anc. India, B C Law, 1954\n[2] ahicchatra, Hist. Geo. Anc. India, B C Law, 1954\n[3] bhagava\u1e45ga\u00f1ja, Hist. Geo. Anc. India, B C Law, 1954", "dict_ref_id": 702528, "word_hyplinks": [{"word": "drona", "end_index": 5, "start_index": 0}, {"word": "brahmin", "end_index": 19, "start_index": 12}, {"word": "vethadv\u012bpa", "end_index": 56, "start_index": 46}, {"word": "allakappa", "end_index": 72, "start_index": 63}, {"word": "ahicchatra", "end_index": 131, "start_index": 121}, {"word": "arjuna", "end_index": 143, "start_index": 137}, {"word": "kampilya", "end_index": 163, "start_index": 155}, {"word": "india", "end_index": 362, "start_index": 357}, {"word": "bhagava\u1e45ga\u00f1ja", "end_index": 502, "start_index": 489}], "short_text": "Drona was a Brahmin whose home was located in Vethadv\u012bpa, near Allakappa [1]. He is also known fo...", "language": "English", "source": "HISTORICAL GEOGRAPHY OF ANCIENT INDIA By BIMALA CHURN LAW, (extracted 2024)", "src_short_title": "Hist. Geo. Anc. India, B. C. Law (1954), (extracted 2024)", "source_url": "http://archive.org/details/dli.pahar.3008"}, {"text": "\u0926\u094d\u0930\u094b\u0923 Ratnakara\u1e47\u1e0dik\u0101 dh.", "dict_ref_id": 984217, "word_hyplinks": null, "short_text": "\u0926\u094d\u0930\u094b\u0923 Ratnakara\u1e47\u1e0dik\u0101 dh.", "language": "English", "source": "Catalogus catalogorum, an alphabetical register of Sanskrit works and authors by AUFRECHT, T. (1891).", "src_short_title": "Catalog.of Skt Works, Aufrecht, T. (1891), Franz Steiner", "source_url": "https://www.sanskrit-lexicon.uni-koeln.de/scans/ACCScan/2020/web/index.php"}, {"text": "Dro\u1e47a, as described in the Shiva Purana, is multifaceted, appearing in various roles across different sections. In Section 2.5 - Rudra-sa\u1e43hit\u0101 (5): Yuddha-kha\u1e47\u1e0da, Chapter 15, he is a mountain from which A\u1e45giras retrieves divine herbs to revive the gods during battles [1]. In the same section but Chapter 50, he is one of the flowers offered by Bh\u0101rgava in his worship of \u015aiva [2]. In Section 3 - \u015aatarudra-sa\u1e43hit\u0101, Chapter 36, Dro\u1e47a is portrayed as a brahminical sage performing a penance to obtain a son, A\u015bvatth\u0101man, who is \u015aiva's incarnation [3]. He is also mentioned in the same section, Chapter 38, as one of Arjuna's formidable adversaries, alongside Bh\u012b\u1e63ma and Kar\u1e47a [4]. Lastly, in Section 5 - Um\u0101-Sa\u1e43hit\u0101, Chapter 4, Dro\u1e47a is celebrated as the foremost among marksmen, born from the semen collected by Gautama in a wooden bowl [5].\n\nReferences:\n[1] Shiva Purana -> Section 2.5 - Rudra-sa\u1e43hit\u0101 (5): Yuddha-kha\u1e47\u1e0da -> Chapter 15 - The fight between the gods and Jalandhara\n[2] Shiva Purana -> Section 2.5 - Rudra-sa\u1e43hit\u0101 (5): Yuddha-kha\u1e47\u1e0da -> Chapter 50 - \u015aukra learns M\u1e5btasa\u00f1j\u012bvan\u012b lore\n[3] Shiva Purana -> Section 3 - \u015aatarudra-sa\u1e43hit\u0101 -> Chapter 36 - \u015aiva\u2019s incarnation as A\u015bvatth\u0101man\n[4] Shiva Purana -> Section 3 - \u015aatarudra-sa\u1e43hit\u0101 -> Chapter 38 - The description of Arjuna\u2019s penance\n[5] Shiva Purana -> Section 5 - Um\u0101-Sa\u1e43hit\u0101 -> Chapter 4 - The exhibition of Siva\u2019s spell", "dict_ref_id": 990862, "word_hyplinks": null, "short_text": "Dro\u1e47a, as described in the Shiva Purana, is multifaceted, appearing in various roles across diffe...", "language": "English", "source": "Dhara Summary, Shiva Purana by J. L. Shastri", "src_short_title": "Dhara Summary, Shiva Purana by J. L. Shastri", "source_url": "https://www.motilalbanarsidass.com/products/the-siva-purana-4-volumes-j-l-shastri"}, {"text": "Drona is mentioned in the Garuda Purana in two distinct contexts. According to the Agastya Samhita, Chapter LVI, Drona is listed among the seven mountains [1]. Additionally, in the Brihaspati (Nitisara) Samhita, Chapter CXLV, Drona is described as the preceptor of the Kuru race and later as the commander of the Kuru forces during the Mahabharata war [2].\n\nReferences:\n[1] Garuda Purana -> Agastya Samhita -> Chapter LVI - Enumeration of the names of princes of the continent of Plaksha, etc.\n[2] Garuda Purana -> Brihaspati (Nitisara) Samhita -> Chapter CXLV - The Mahabharatam", "dict_ref_id": 993009, "word_hyplinks": null, "short_text": "Drona is mentioned in the Garuda Purana in two distinct contexts. According to the Agastya Samhit...", "language": "English", "source": "Dhara Summary, Garuda Purana by Manmatha Nath Dutt | 1908 | 245,256 words | ISBN-13: 9788183150736", "src_short_title": "Dhara Summary, Garuda Purana by Manmatha Nath Dutt", "source_url": "http://www.motilalbanarsidass.com/products/the-garuda-purana-sanskrit-text-with-english-translation-2-volume-set-k-m-munshi"}, {"text": "Drona is a multifaceted figure mentioned in the Harivamsha Purana. According to Book 2 - Vishnu Parva, Chapter 57 - Krishna's Proposal to Go to Dvaraka, Drona is described as a person residing on the mountain Raivata for many years [1]. In contrast, Book 3 - Bhavishya Parva, Chapter 48 - The Fruits of the Recitation of the Bharata, identifies Drona as a Parva within the Bharata, which necessitates feeding the Brahmanas to their satisfaction and providing them with bows, arrows, and swords during its recitation [2].\n\nReferences:\n[1] Harivamsha Purana -> Book 2 - Vishnu Parva -> Chapter 57 - Krishna\u2019s Proposal to Go to Dvaraka\n[2] Harivamsha Purana -> Book 3 - Bhavishya Parva -> Chapter 48 - The Fruits of the Recitation of the Bharata", "dict_ref_id": 994136, "word_hyplinks": null, "short_text": "Drona is a multifaceted figure mentioned in the Harivamsha Purana. According to Book 2 - Vishnu P...", "language": "English", "source": "Dhara Summary, Harivamsha Purana by Manmatha Nath Dutt | 1897 | 293,872 words | ISBN-10: 8178542188 | ISBN-13: 9788178542188", "src_short_title": "Dhara Summary, Harivamsha Purana by Manmatha Nath Dutt", "source_url": "https://www.motilalbanarsidass.com/products/harivamsa-purana-in-3-vol-set-text-with-english-notes-and-index"}, {"text": "Drona, according to the Mahabharata, is a multifaceted character known for his roles as a teacher, warrior, and advisor. Born from the seed of Bharadvaja, he becomes an expert in the Vedas and weaponry [1], learning from Rama and later teaching the Kuru princes, including the Pandavas and Kauravas [2][3]. He is described as a skilled Brahmana who impresses the princes of Hastinapura with his prowess and seeks to become their teacher [4]. Drona approaches Drupada seeking friendship but faces rejection, leading him to demand Drupada as a preceptorial fee from his students, which he later forgives and offers half his kingdom [5][6]. He is noted for his rivalry with King Drupada and his mastery of the Brahma weapon [7][8][9]. As a teacher, Drona shows favoritism towards Arjuna, testing his focus and skill, and certifying his proficiency in all weapons [10][11][12]. He leads the Kaurava army for five days in the battle described in the Drona Parva [13]. Drona is also recognized as a respected advisor, providing counsel to King Dhritarashtra on matters of state and suggesting alliances [14][15][16][17]. He participates in significant events such as the Rajasuya sacrifice and is mentioned as a powerful ally of Duryodhana", "dict_ref_id": 996120, "word_hyplinks": null, "short_text": "Drona, according to the Mahabharata, is a multifaceted character known for his roles as a teacher...", "language": "English", "source": "Dhara Summary, Mahabharata by Kisari Mohan Ganguli | 2,566,952 words | ISBN-10: 8121505933", "src_short_title": "Dhara Summary, Mahabharath by Kisari Mohan Ganguli", "source_url": "https://www.motilalbanarsidass.com/products/the-complete-mahabharata-in-english-12-volumes-kisari-mohan-ganguli?variant=43413468676234"}]}, "similar_words": ["drau\u1e47a", "drau\u1e47am", "dro\u1e47\u0101", "dro\u1e47a\u1e25", "dro\u1e47am", "dro\u1e47a\u1e43"]}}