[{"family":"MaterialIcons","fonts":[{"asset":"fonts/MaterialIcons-Regular.otf"}]},{"family":"NotoSansBengali","fonts":[{"asset":"assets/fonts/NotoSansBengali-Regular.ttf"},{"weight":700,"asset":"assets/fonts/NotoSansBengali-Bold.ttf"}]},{"family":"NotoSansGujarati","fonts":[{"asset":"assets/fonts/NotoSansGujarati-Regular.ttf"},{"weight":700,"asset":"assets/fonts/NotoSansGujarati-Bold.ttf"}]},{"family":"NotoSansGurmukhi","fonts":[{"asset":"assets/fonts/NotoSansGurmukhi-Regular.ttf"},{"weight":700,"asset":"assets/fonts/NotoSansGurmukhi-Bold.ttf"}]},{"family":"NotoSansKannada","fonts":[{"asset":"assets/fonts/NotoSansKannada-Regular.ttf"},{"weight":700,"asset":"assets/fonts/NotoSansKannada-Bold.ttf"}]},{"family":"NotoSansMalayalam","fonts":[{"asset":"assets/fonts/NotoSansMalayalam-Regular.ttf"},{"weight":700,"asset":"assets/fonts/NotoSansMalayalam-Bold.ttf"}]},{"family":"NotoSansTamil","fonts":[{"asset":"assets/fonts/NotoSansTamil-Regular.ttf"},{"weight":700,"asset":"assets/fonts/NotoSansTamil-Bold.ttf"}]},{"family":"NotoSansTelugu","fonts":[{"asset":"assets/fonts/NotoSansTelugu-Regular.ttf"},{"weight":700,"asset":"assets/fonts/NotoSansTelugu-Bold.ttf"}]},{"family":"NotoSansDevanagari","fonts":[{"asset":"assets/fonts/NotoSansDevanagari-Regular.ttf"},{"weight":700,"asset":"assets/fonts/NotoSansDevanagari-Bold.ttf"}]},{"family":"NotoSansOriya","fonts":[{"asset":"assets/fonts/NotoSansOriya-Regular.ttf"},{"weight":700,"asset":"assets/fonts/NotoSansOriya-Bold.ttf"}]},{"family":"packages/cupertino_icons/CupertinoIcons","fonts":[{"asset":"packages/cupertino_icons/assets/CupertinoIcons.ttf"}]}]