{
  "success": true,
  "data": [
    {
      "text": "According to AYVM web, ರಾಮಮಂದಿರ ನಿರ್ಮಿಸೋಣ - ರಾಮರಾಜ್ಯ ಕಟ್ಟೋಣ, Rāma is an illustrious king from the Ikshvaku dynasty, known as the son of Dasaratha. He is described as the embodiment of dharma, with attributes such as truth-speaking, compassion, and renunciation. His actions and presence are believed to illuminate the essential nature of the soul and inspire spiritual realization.",
      "chunk_ref_id": 9866116,
      "score": 0.7,
      "reference": "AYVM web->ರಾಮಮಂದಿರ ನಿರ್ಮಿಸೋಣ - ರಾಮರಾಜ್ಯ ಕಟ್ಟೋಣ (Ramamandira Nirmisona - Ramarajya Kattona), October 3, 2020, (Auto Translated)",
      "is_starred": false,
      "source_title": "Dhara Facts, AYVM web Kannada Articles",
      "source_url": "https://ayvm.in/publications",
      "source_type": "augmentation"
    },
    {
      "text": "According to AYVM web, ಜೀವನದಲ್ಲಿ ಸಮತೋಲನ ಇರಲಿ (Jivanadalli Samatolana Irali), Rama is a dharmic leader and the embodiment of Dharma, known for his balance, equanimity, and adherence to righteousness despite challenges.",
      "chunk_ref_id": 9866500,
      "score": 0.7,
      "reference": "AYVM web->ಜೀವನದಲ್ಲಿ ಸಮತೋಲನ ಇರಲಿ (Jivanadalli Samatolana Irali), November 15, 2021, (Auto Translated)",
      "is_starred": false,
      "source_title": "Dhara Facts, AYVM web Kannada Articles",
      "source_url": "https://ayvm.in/publications",
      "source_type": "augmentation"
    },
    {
      "text": "According to AYVM web, ರಾಮಾಯಣದಲ್ಲಿ ಶೃಂಗಾರ ರಸ, Rama is a divine figure who descended from Divya into the Solar dynasty and is described as an ideal leader with qualities such as knowledge, humility, wisdom, and steadfastness in dharma. He is married to Sita Devi, marking the beginning of the shringara rasa.",
      "chunk_ref_id": 9860000,
      "score": 0.7,
      "reference": "AYVM web->ರಾಮಾಯಣದಲ್ಲಿ ಶೃಂಗಾರ ರಸ (Ramayanadalli Srungara Rasa), June 6, 2020, (Auto Translated)",
      "is_starred": false,
      "source_title": "Dhara Facts, AYVM web Kannada Articles",
      "source_url": "https://ayvm.in/publications",
      "source_type": "augmentation"
    },
    {
      "text": "Rama is a son of  the renowned king Dasaratha, who was a firm ambankment (protector) of righteousness and was true to his promise.\n\nVerse:\nराजा दशरथो नाम धर्मसेतुरिवाचलः।\nसत्यसन्धः परिज्ञातो यस्य पुत्रस्सराघवः।।3.56.2।।",
      "chunk_ref_id": 653798,
      "score": 0.7,
      "reference": "Valmiki Ramayana->Aranya Kaanda->56.2",
      "is_starred": false,
      "source_title": "Valmiki Ramayana(with verse)",
      "source_url": "https://www.valmiki.iitk.ac.in/",
      "source_type": "original"
    },
    {
      "text": "Rāma, as described in the Skanda Purana, is a multifaceted divine figure with numerous roles and attributes. He is the son of Daśaratha and a key member of the Raghu clan, renowned for his valor and righteousness. As an incarnation of Viṣṇu, Rāma is celebrated for his heroic deeds, particularly his battle against Rāvaṇa, the construction of the bridge known as Setu, and his subsequent installation of the divine Liṅga Rāmanātha on Rāmasetu",
      "chunk_ref_id": 9896383,
      "score": 0.63,
      "reference": "Dhara Summary",
      "is_starred": false,
      "source_title": "Dhara Summary",
      "source_url": "https://ayvm.in/publications",
      "source_type": "merged augmentation"
    },
    {
      "text": "According to AYVM web, ಕೃಷ್ಣಕರ್ಣಾಮೃತ - 5 ಯಶೋದೆ ಹೇಳಿದ ಕಥೆ – ಥಟ್ಟನೆ ಹುಟ್ಟಿದ ಪ್ರತಿಕ್ರಿಯೆ, Rāma is a divine avatar of God, specifically the Ramavatar, who is known for his righteousness and devotion. He is the central figure in the story told by Yashoda to Krishna, where he is depicted as having gone into the forest with Sita, who was later abducted by Ravana. Rāma's life is marked by sorrow and suffering, especially after Sita's abduction, which deeply affected him. His story is recounted by Yashoda to Krishna, who then reacts with emotional awareness.",
      "chunk_ref_id": 9859041,
      "score": 0.63,
      "reference": "AYVM web->ಕೃಷ್ಣಕರ್ಣಾಮೃತ - 5 ಯಶೋದೆ ಹೇಳಿದ ಕಥೆ – ಥಟ್ಟನೆ ಹುಟ್ಟಿದ ಪ್ರತಿಕ್ರಿಯೆ(Krishnakarnamrta - 5 Yasode Kelida Kathe – Thattane Huttida Pratikriye), March 11, 2024, (Auto Translated)",
      "is_starred": false,
      "source_title": "Dhara Facts, AYVM web Kannada Articles",
      "source_url": "https://ayvm.in/publications",
      "source_type": "augmentation"
    },
    {
      "text": "\"Rama is the supreme lord of all worlds, a lion among kings. Having pained him it is very difficult for you to sustain your life after offending him to this extent.\n\nVerse:\nसर्वलोकेश्वरस्यैवं कृत्वा विप्रियमुत्तमम्।\nरामस्य राजसिंहस्य दुर्लभं तव जीवितम्।।5.51.43।।",
      "chunk_ref_id": 647358,
      "score": 0.6,
      "reference": "Valmiki Ramayana->Sundara Kaanda->51.43",
      "is_starred": false,
      "source_title": "Valmiki Ramayana(with verse)",
      "source_url": "https://www.valmiki.iitk.ac.in/",
      "source_type": "original"
    },
    {
      "text": "Rama is a multifaceted figure in the Harivamsha Purana, appearing in various contexts and identities. He is described as the son of Jamadagni and Renuka, renowned for his strength and wisdom, and as a master of all sciences, particularly archery [1]. Additionally, he is mentioned as the father of Nishatha through his wife Revati [2], and as another name for Balarama, who challenges Krishna for the jewel Swymantaka [3]. In other accounts, Rama is identified as the son of Dasharatha, ruling in Ayodhya and a terror to Rakshasas [4], and as an avatar of Vishnu who killed Ravana [5]. He is also described as one of the two sons of Vasudeva, ranging in forests and participating in battles against Jarasandha and other adversaries, using weapons such as clubs, maces, and plough-shares [6, 7, 8, 9, 10, 11, 12, 13, 14, 15, 16, 17, 18, 19, 20, 21, 22, 23, 24, 25, 26, 27, 28, 29, 30, 31, 32, 33, 34, 35, 36, 37, 38, 39, 40, 41, 42, 43, 44, 45, 46, 47, 48, 49, 50, 51, 52, 53, 54, 55, 56, 57, 58, 59, 60, 61, 62, 63, 64, 65, 66, 67, 68, 69, 70, 71, 72, 73, 74, 75, 76, 77, 78, 79, 80, 81, 82, 83, 84, 85, 86, 87, 88, 89, 90, 91, 92, 93, 94, 95, 96, 97, 98, 99, 100, 101, 102, 103, 104, 105, 106, 107, 108, 109, 110, 111, 112, 113, 114, 115, 116, 117, 118, 119, 120, 121, 122, 123, 124, 125, 126, 127, 128, 129, 130, 131, 132, 133, 134, 135, 136, 137, 138, 139, 140, 141, 142, 143, 144, 145, 146, 147, 148, 149, 150, 151, 152, 153, 154, 155, 156, 157, 158, 159, 160, 161, 162, 163, 164, 165, 166, 167, 168, 169, 170, 171, 172, 173, 174, 175, 176, 177, 178, 179, 180, 181, 182, 183, 184, 185, 186, 187, 188, 189, 190, 191, 192, 193, 194, 195, 196, 197, 198, 199, 200, 201, 202, 203, 204, 205, 206, 207, 208, 209, 210, 211, 212, 213, 214, 215, 216, 217, 218, 219, 220, 221, 222, 223, 224, 225, 226, 227, 228, 229, 230, 231, 232, 233, 234, 235, 236, 237, 238, 239, 240, 241, 242, 243, 244, 245, 246, 247, 248, 249, 250, 251, 252, 253, 254, 255, 256, 257, 258, 259, 260, 261, 262, 263, 264, 265, 266, 267, 268, 269, 270, 271, 272, 273, 274, 275, 276, 277, 278, 279, 280, 281, 282, 283, 284, 285, 286, 287, 288, 289, 290, 291, 292, 293, 294, 295, 296, 297, 298, 299, 300, 301, 302, 303, 304, 305, 306, 307, 308, 309, 310, 311, 312, 313, 314, 315, 316, 317, 318, 319, 320, 321, 322, 323, 324, 325, 326, 327, 328, 329, 330, 331, 332, 333, 334, 335, 336, 337, 338, 339, 340, 341, 342, 343, 344, 345, 346, 347, 348, 349, 350, 351, 352, 353, 354, 355, 356, 357, 358, 359, 360, 361, 362, 363, 364, 365, 366, 367, 368, 369, 370, 371, 372, 373, 374, 375, 376, 377, 378, 379, 380, 381, 382, 383, 384, 385, 386, 387, 388, 389, 390, 391, 392, 393, 394, 395, 396, 397, 398, 399, 400, 401, 402, 403, 404, 405, 406, 407, 408, 409, 410, 411, 412, 413, 414, 415, 416, 417, 418, 419, 420, 421, 422, 423, 424, 425, 426, 427, 428, 429, 430, 431, 432, 433, 434, 435, 436, 437, 438, 439, 440, 441, 442, 443, 444, 445, 446, 447, 448, 449, 450, 451, 452, 453, 454, 455, 456, 457, 458, 459, 460, 461, 462, 463, 464, 465, 466, 467, 468, 469, 470, 471, 472, 473, 474, 475, 476, 477, 478, 479, 480, 481, 482, 483, 484, 485, 486, 487, 488, 489, 490, 491, 492, 493, 494, 495, 496, 497, 498, 499, 500, 501, 502, 503, 504, 505, 506, 507, 508, 509, 510, 511, 512, 513, 514, 515, 516, 517, 518, 519, 520, 521, 522, 523, 524, 525, 526, 527, 528, 529, 530, 531, 532, 533, 534, 535, 536, 537, 538, 539, 540, 541, 542, 543, 544, 545, 546, 547, 548, 549, 550, 551, 552, 553, 554, 555, 556, 557, 558, 559, 560, 561, 562, 563, 564, 565, 566, 567, 568, 569, 570, 571, 572, 573, 574, 575, 576, 577, 578, 579, 580, 581, 582, 583, 584, 585, 586, 587, 588, 589, 590, 591, 592, 593, 594, 595, 596, 597, 598, 599, 600, 601, 602, 603, 604, 605, 606, 607, 608, 609, 610, 611, 612, 613, 614, 615, 616, 617, 618, 619, 620, 621, 622, 623, 624, 625, 626, 627, 628, 629, 630, 631, 632, 633, 634, 635, 636, 637, 638, 639, 640, 641, 642, 643, 644, 645, 646, 647, 648, 649, 650, 651, 652, 653, 654, 655, 656, 657, 658, 659, 660, 661, 662, 663, 664, 665, 666, 667, 668, 669, 670, 671, 672, 673, 674, 675, 676, 677, 678, 679, 680, 681, 682, 683, 684, 685, 686, 687, 688, 689, 690, 691, 692, 693, 694, 695, 696, 697, 698, 699, 700, 701, 702, 703, 704, 705, 706, 707, 708, 709, 710, 711, 712, 713, 714, 715, 716, 717, 718, 719, 720, 721, 722, 723, 724, 725, 726, 727, 728, 729, 730, 731, 732, 733, 734, 735, 736, 737, 738, 739, 740, 741, 742, 743, 744, 745, 746, 747, 748, 749, 750, 751, 752, 753, 754, 755, 756, 757, 758, 759, 760, 761, 762, 763, 764, 765, 766, 767, 768, 769, 770, 771, 772, 773, 774, 775, 776, 777, 778, 779, 780, 781, 782, 783, 784, 785, 786, 787, 788, 789, 790, 791, 792, 793, 794, 795, 796, 797, 798, 799, 800, 801, 802, 803, 804, 805,",
      "chunk_ref_id": 9883389,
      "score": 0.57,
      "reference": "Dhara Summary",
      "is_starred": false,
      "source_title": "Dhara Summary",
      "source_url": "https://ayvm.in/publications",
      "source_type": "merged augmentation"
    },
    {
      "text": "Rāma, also known as Paraśurāma, is a noble-souled sage and warrior from the Bhṛgu family, renowned for his mastery of the Vedas, scriptures, and various weapons, including the Kavaca and Mantra given by Śiva. According to the Brahmanda Purana, he upholds dharma by serving his parents and visiting his grandfather's house with permission [1], and is advised by Bhṛgu to perform penance and travel to the Himavān [2]. He is described as performing severe penance and being tested by Lord Śiva in the form of a hunter [3], and receives boons from Śambhu, including protection against enemies and the ability to control his vital airs [4]. After his father Jamadagni's murder, Rāma vows to destroy the Kṣatriya caste twenty-one times [5], and seeks vengeance against Kārttavīryārjuna for insulting his father, engaging in fierce battles and defeating many kings, including Kārttavīrya, using various divine missiles and physical combat [6][7][8][9][10]. He is also known for capturing twelve thousand kings and performing rituals at Kurukṣetra to honor his parents [11], reclaiming land from the sea by convincing Varuṇa to withdraw his waters and restore the holy spot of Gokarṇa for the sages [12], and eulogizing the Supreme Lord while seeking blessings from deities including Śiva, Pārvatī, and Kṛṣṇa [13]. Additionally, Rāma is the son of Jamadagni and Reṇukā, known for mastering archery and killing Kṣatriyas [14], and is mentioned as the husband of Sītā, known for his virtuous qualities [15].\n\nReferences:\n[1] Brahmanda Purana, Section 3 - Upodghāta-pāda ,  Chapter 21 - The Dialogue between Aurva and Paraśurāma\n[2] Brahmanda Purana, Section 3 - Upodghāta-pāda ,  Chapter 22 - Paraśurāma’s penance (a)\n[3] Brahmanda Purana, Section 3 - Upodghāta-pāda ,  Chapter 24 - Paraśurāma’s penance (c): his acquisition of the knowledge of Astras\n[4] Brahmanda Purana, Section 3 - Upodghāta-pāda ,  Chapter 25 - Paraśurāma protects a boy from a tiger\n[5] Brahmanda Purana, Section 3 - Upodghāta-pāda ,  Chapter 30 - Lamentation of Reṇukā\n[6] Brahmanda Purana, Section 3 - Upodghāta-pāda ,  Chapter 31 - Paraśurāma advised by Brahmā to approach Śiva about Haihaya\n[7] Brahmanda Purana, Section 3 - Upodghāta-pāda ,  Chapter 32 - Paraśurāma’s penance (d): Paraśurāma receives missiles from Śiva\n[8] Brahmanda Purana, Section 3 - Upodghāta-pāda ,  Chapter 38 - The narrative of Bhārgava Paraśurāma (b)\n[9] Brahmanda Purana, Section 3 - Upodghāta-pāda ,  Chapter 39 - The narrative of Bhārgava Paraśurāma (c)\n[10] Brahmanda Purana, Section 3 - Upodghāta-pāda ,  Chapter 40 - The narrative of Bhārgava Paraśurāma (d): King Kārttavīrya slain\n[11] Brahmanda Purana, Section 3 - Upodghāta-pāda ,  Chapter 47 - The narrative of Bhārgava Paraśurāma (k)\n[12] Brahmanda Purana, Section 3 - Upodghāta-pāda ,  Chapter 58 - Rāma reclaims land from the sea\n[13] Brahmanda Purana, Section 3 - Upodghāta-pāda ,  Chapter 43 - The narrative of Bhārgava Paraśurāma (g)\n[14] Brahmanda Purana, Section 3 - Upodghāta-pāda ,  Chapter 66 - Description of Amāvasu dynasty (vaṃśa)\n[15] Brahmanda Purana, Section 3 - Upodghāta-pāda ,  Chapter 64 - The description of Nimi dynasty (vaṃśa)",
      "chunk_ref_id": 9888116,
      "score": 0.57,
      "reference": "Dhara Summary",
      "is_starred": false,
      "source_title": "Dhara Summary",
      "source_url": "https://ayvm.in/publications",
      "source_type": "merged augmentation"
    },
    {
      "text": "Rama is a hero who wins over the people by his truthfulness, the poor by charity, the preceptors by his service and the enemies in the battle by the power of  his bow.\n\nVerse:\nसत्येन लोकान् जयति दीनान् दानेन राघवः।\nगुरूञ्छुश्रूषया वीरो धनुषा युधि शात्रवान्।।2.12.29।।",
      "chunk_ref_id": 658452,
      "score": 0.52,
      "reference": "Valmiki Ramayana->Ayodhya Kaanda->12.29",
      "is_starred": false,
      "source_title": "Valmiki Ramayana(with verse)",
      "source_url": "https://www.valmiki.iitk.ac.in/",
      "source_type": "original"
    },
    {
      "text": "According to AYVM web, ಕೃಷ್ಣಕರ್ಣಾಮೃತ - 7 ಪ್ರೇಮೋದ್ದೀಪನ – ಕೋದಂಡರಾಮ-ವೇಣುಗೋಪಾಲ, Rama is a divine figure and an avatar of Viṣṇu, known for his heroic and righteous nature. He is depicted as a warrior, wielding weapons like a bow and arrows. His birth is associated with the Caitra month and the Uttarāyaṇa season. The poet Līlāśuka suggests that Rama could also embody a more loving and artistic form, such as playing a flute and wearing a peacock feather.",
      "chunk_ref_id": 9860620,
      "score": 0.46,
      "reference": "AYVM web->ಕೃಷ್ಣಕರ್ಣಾಮೃತ - 7 ಪ್ರೇಮೋದ್ದೀಪನ – ಕೋದಂಡರಾಮ-ವೇಣುಗೋಪಾಲ (Krsnakarnamrta - 6 Premoddipana – Kodandarama-Venugopala), March 23, 2024, (Auto Translated)",
      "is_starred": false,
      "source_title": "Dhara Facts, AYVM web Kannada Articles",
      "source_url": "https://ayvm.in/publications",
      "source_type": "augmentation"
    },
    {
      "text": "According to AYVM web, ಅಷ್ಟಾಕ್ಷರೀ​ - 54 ಶರೈನಂ ಜಹಿ ರಾವಣಿಂ, Rāma is the hero of the Ramayana, known as the lord of all rasas. He is described as dharmātman, living entirely in accordance with dharma, and is central to the destruction of Ravana.",
      "chunk_ref_id": 9856275,
      "score": 0.43,
      "reference": "AYVM web->ಅಷ್ಟಾಕ್ಷರೀ​ - 54 ಶರೈನಂ ಜಹಿ ರಾವಣಿಂ (Astaksari 54 –Sharainam Jahi Ravanim), March 11, 2024, (Auto Translated)",
      "is_starred": false,
      "source_title": "Dhara Facts, AYVM web Kannada Articles",
      "source_url": "https://ayvm.in/publications",
      "source_type": "augmentation"
    },
    {
      "text": "According to Agni Purana, Rāma is Paraśurāma, an avatar of Viṣṇu, son of Jamadagni and Reṇukā, known for eliminating the warrior clan for 21 generations.",
      "chunk_ref_id": 2209113,
      "score": 0.39,
      "reference": "Agni Purana->Chapter 4 - Manifestations of Viṣṇu as the Boar",
      "is_starred": false,
      "source_title": "Dhara Facts, Agni Purana by N. Gangadharan",
      "source_url": "https://www.motilalbanarsidass.com/products/the-agni-purana-4-parts-in-set-aitm-vol-27-30-ancient-indian-tradition-and-mythology",
      "source_type": "augmentation"
    },
    {
      "text": "According to AYVM web, ಮೂರು ತപಸ್ಸುಗಳು (Mooru thapassugalu), Rama is the hero of the Ramayana, known for being valiant and dharmic. He is contrasted with Rāvaṇa, who, despite being equally valiant, fell from dharma and met his death in battle against Rāma.",
      "chunk_ref_id": 9859439,
      "score": 0.39,
      "reference": "AYVM web->ಮೂರು ತಪಸ್ಸುಗಳು (Mooru thapassugalu), May 22, 2019, (Auto Translated)",
      "is_starred": false,
      "source_title": "Dhara Facts, AYVM web Kannada Articles",
      "source_url": "https://ayvm.in/publications",
      "source_type": "augmentation"
    },
    {
      "text": "According to AYVM web, ಶರಣಾगತಿ (Sharanagati), November 25, 2020, Rama is the dharmiṣṭha (upholder of dharma) to whom Vibhishana seeks refuge. He is described as valiant and worthy, and he grants protection to those who take shelter with him, as per his vow.",
      "chunk_ref_id": 9860817,
      "score": 0.38,
      "reference": "AYVM web->ಶರಣಾಗತಿ (Sharanagati), November 25, 2020, (Auto Translated)",
      "is_starred": false,
      "source_title": "Dhara Facts, AYVM web Kannada Articles",
      "source_url": "https://ayvm.in/publications",
      "source_type": "augmentation"
    },
    {
      "text": "According to AYVM web, ಮೂರು ತಪಸ್ಸುಗಳು (Mooru thapassugalu), Rāma is the hero of the Ramayana, known for being valiant and dharmic. He is contrasted with Rāvaṇa, who, despite being equally valiant, fell from dharma and met his death in battle against Rāma.",
      "chunk_ref_id": 9859437,
      "score": 0.38,
      "reference": "AYVM web->ಮೂರು ತಪಸ್ಸುಗಳು (Mooru thapassugalu), May 22, 2019, (Auto Translated)",
      "is_starred": false,
      "source_title": "Dhara Facts, AYVM web Kannada Articles",
      "source_url": "https://ayvm.in/publications",
      "source_type": "augmentation"
    },
    {
      "text": "Dasaratha, the king of Ayodhya and a member of the Ikshvaku lineage, is renowned for his righteousness, virtue, and leadership. According to the Ramayana, Bala Kanda, Chapter 1, he is the father of Rama, who is sent into exile due to Queen Kaikeyi's demands [1]. In Bala Kanda, Chapter 2, Dasaratha is described as a king whose story, including his wives, city, palace, sayings, conduct, and accomplishments, is revealed to Valmiki by Brahma's favor [2]. He is depicted as a mighty king in Bala Kanda, Chapter 5, protecting Ayodhya and dwelling there in splendor like Indra in heaven [3]. In Bala Kanda, Chapter 8, Dasaratha performs great austerities and decides to conduct the Asva-medha sacrifice to obtain a son [4]. In Bala Kanda, Chapter 9, he listens to Sumantra's recounting of a prophecy involving Rishyasringa [5]. In Bala Kanda, Chapter 11, Dasaratha forms an alliance with King Lomapada of Anga and seeks Rishyasringa's assistance to perform a sacrifice for obtaining sons [6]. In Bala Kanda, Chapter 13, he commissions Shri Vasishtha to undertake a great sacrifice for an heir [7], and in Bala Kanda, Chapter 14, he conducts a grand sacrifice with the assistance of priests and Brahmins, observing rituals as per the Kalpa Sutra [8]. In Bala Kanda, Chapter 15, Dasaratha's desire for a son leads Rishyasringa to perform the Puttatresti sacrifice [9]. In Bala Kanda, Chapter 19, Vishvamitra approaches Dasaratha to lend his son Rama for assistance in completing sacred sacrifices [10]. In Bala Kanda, Chapter 26, Dasaratha instructs Rama to follow the commands of Sage Vishvamitra [11]. In Bala Kanda, Chapter 48, Dasaratha is referred to as the father of Rama and Lakshmana [12]. In Ayodhya Kanda, Chapter 1, Dasaratha desires to see Rama made regent before retiring [13]. In Ayodhya Kanda, Chapter 4, he decides to install Rama as his successor and gives royal decree for the coronation [14]. In Ayodhya Kanda, Chapter 9, Dasaratha grants two boons to Queen Kaikeyi, which she uses to banish Rama and crown Bharata as regent [15]. In Ayodhya Kanda, Chapter 12, Dasaratha suffers deeply after Kaikeyi demands Rama's exile [16]. In Ayodhya Kanda, Chapter 33, Dasaratha orders preparations for Rama's installation and sends Sumantra to fetch him [17]. In Ayodhya Kanda, Chapter 35, Dasaratha is described as unconquerable and resembling Indra [18]. In Ayodhya Kanda, Chapter 36, he prepares four divisions of the army laden with wealth to accompany Rama into exile [19]. In Ayodhya Kanda, Chapter 37, Dasaratha reluctantly consents to Rama's exile [20]. In Ayodhya Kanda, Chapter 40, Dasaratha sends his sons and daughter-in-law into exile as a result of a promise made by his stepmother Kaikeyi [21]. In Ayodhya Kanda, Chapter 42, Dasaratha sends Rama into exile, leading to his profound sorrow and despair [22]. In Ayodhya Kanda, Chapter 64, Dasaratha accidentally kills an ascetic's son while hunting and later faces the consequences, including a curse leading to his death [23]. In Ayodhya Kanda, Chapter 66, Dasaratha dies due to sorrow over Rama's departure, leading to extensive mourning and lamentation [24]. In Ayodhya Kanda, Chapter 101, Dasaratha passes away after Rama's exile, prompting Bharata to seek Rama's return for the traditional libations [25]. In Ayodhya Kanda, Chapter 103, Dasaratha is honored by Rama with a funeral cake [26]. In Ayodhya Kanda, Chapter 105, Dasaratha is mentioned as the illustrious king and father of Rama and Bharata, leaving behind a legacy of righteousness [27]. In Ayodhya Kanda, Chapter 108, Dasaratha is cited by Javali to question Rama's familial ties [28]. In Ayodhya Kanda, Chapter 110, Dasaratha is described as the son of Aja and father of Rama, renowned for his reign over earth and heaven [29]. In Ayodhya Kanda, Chapter 113, Dasaratha's absence leaves Ayodhya desolate [30]. In Kishkindha Kanda, Chapter 4, Dasaratha is mentioned as the illustrious king and father of Rama, known for his righteousness and duty [31]. In Kishkindha Kanda, Chapter 5, Dasaratha is known for performing the Rajasuya and Ashvamedha sacrifices [32]. In Kishkindha Kanda, Chapter 17, Dasaratha's reputation for magnanimity is questioned by Bali due to Rama's actions [33]. In Kishkindha Kanda, Chapter 29, Dasaratha is mentioned as the father of Rama and Lakshmana, highlighting Rama's lineage and authority [34]. In Kishkindha Kanda, Chapter 33, Dasaratha is mentioned as the father of Rama and Lakshmana [35]. In Kishkindha Kanda, Chapter 40, Dasaratha is mentioned as the king whose daughter-in-law Sita is sought after by Sugriva's monkeys [36]. In Sundara Kanda, Chapter 1, Dasaratha is Rama's father and the king of Ayodhya [37]. In Sundara Kanda, Chapter 13, Dasaratha is the father of Rama, Lakshmana, Bharata, and Shatrughna [38]. In Sundara Kanda, Chapter 31, Dasaratha is described as a virtuous king known for his devotion, compassion, and leadership [39]. In Sundara Kanda, Chapter 33, Dasaratha is mentioned as the foremost among kings of the world and Sita's father-in-law [40]. In Sundara Kanda, Chapter 35, Dasaratha is the father of Rama, Lakshmana, Bharata, and Shatrughna [41]. In Sundara Kanda, Chapter 38, Dasaratha is mentioned by Sita when she asks Hanuman to greet Rama on her behalf [42]. In Sundara Kanda, Chapter 51, Dasaratha is the king of Ayodhya and the father of Rama, known for his mastery over chariots, elephants, and horses [43]. In Yuddha Kanda, Chapter 2, Dasaratha is Rama's father [44]. In Yuddha Kanda, Chapter 4, Dasaratha is referred to as the father of Rama [45]. In Yuddha Kanda, Chapter 12, Dasaratha is mentioned as the father of Rama and Lakshmana, whose sons are the main adversaries Ravana aims to defeat [46]. In Yuddha Kanda, Chapter 14, Dasaratha is mentioned as Sita's father and Rama's father, emphasizing Rama's lineage and authority [47]. In Yuddha Kanda, Chapter 20, Dasaratha is mentioned as the father of Rama and Lakshmana, referred to as illustrious figures in the narrative [48]. In Yuddha Kanda, Chapter 24, Dasaratha is mentioned as the father of Rama, known for his lineage and the source of Rama's heroic qualities [49]. In Yuddha Kanda, Chapter 25, Dasaratha is mentioned as the father of Rama and the king who ruled Ayodhya before Rama's exile [50]. In Yuddha Kanda, Chapter 30, Dasaratha is mentioned as the father of Rama, and Rama is described as having the body of a lion and unmatched valor [51]. In Yuddha Kanda, Chapter 41, Dasaratha is mentioned as the father of Rama, and Rama is referred to as the valiant son of Dasaratha [52]. In Yuddha Kanda, Chapter 46, Dasaratha is mentioned as the father of Rama, and Ravana expresses joy after hearing that his enemy, the son of Dasaratha, has been defeated [53]. In Yuddha Kanda, Chapter 49, Dasaratha is mentioned as the father of Rama and Lakshmana, referred to as illustrious parents of these valiant sons [54]. In Yuddha Kanda, Chapter 50, Dasaratha is mentioned as the father of Rama and Lakshmana, referred to as illustrious parents of these valiant sons [55]. In Yuddha Kanda, Chapter 53, Dasaratha is mentioned in the context of Ravana's directive to defeat Rama, the son of Dasaratha [56]. In Yuddha Kanda, Chapter 60, Dasaratha is mentioned as the father of Rama [57]. In Yuddha Kanda, Chapter 64, Dasaratha is mentioned as Rama's father, highlighting Rama's lineage and royal status [58]. In Yuddha Kanda, Chapter 67, Dasaratha is mentioned as Rama's father, mentioned in the context of Rama's lineage and valor as the son of Dasaratha [59]. In Yuddha Kanda, Chapter 77, Dasaratha is mentioned as the father of Rama, whose army fights alongside the Plavagas against the Titans [60]. In Yuddha Kanda, Chapter 79, Dasaratha is mentioned as the father of Rama, with Rama referred to as the 'son of Dasaratha,' emphasizing his lineage and identity [61]. In Yuddha Kanda, Chapter 89, Dasaratha is mentioned as the father of the son known for his prowess with arrows and engaging in fierce battles [62]. In Yuddha Kanda, Chapter 91, Dasaratha is mentioned as the father of Rama and Lakshmana, known for his royal lineage and wisdom [63]. In Yuddha Kanda, Chapter 94, Dasaratha is mentioned as Rama's father, referenced as the son of Dasaratha, highlighting Rama's lineage [64]. In Yuddha Kanda, Chapter 100, Dasaratha is mentioned as Rama's father, referenced as the son of Dasaratha, highlighting Rama's lineage [65]. In Yuddha Kanda, Chapter 121, Dasaratha is mentioned in the context of Rama's lineage and justification for testing Sita's purity [66]. In Yuddha Kanda, Chapter 122, Dasaratha appears in an aerial car to bless Rama and others before ascending to the region of Indra [67]. In Yuddha Kanda, Chapter 123, Dasaratha is mentioned as the king who has departed, leaving behind Rama and others [68]. In Yuddha Kanda, Chapter 126, Dasaratha is mentioned as Rama's father, whose wives will be visited by Sita and the monkey women [69]. In Uttara Kanda, Chapter 1, Dasaratha is mentioned as Rama's father, and the sages refer to Rama as the son of Dasaratha [70]. In Uttara Kanda, Chapter 19, Dasaratha is mentioned as the father of Rama, who is prophesied to be born in the Ikshvaku lineage and defeat Ravana [71]. In Uttara Kanda, Chapter 37d, Dasaratha is mentioned as the father of Rama, belonging to the Ikshvaku race, who will rule on earth [72]. In Uttara Kanda, Chapter 47, Dasaratha is mentioned as Sita's father, also known as King Dasaratha [73]. In Uttara Kanda, Chapter 49, Dasaratha is mentioned as Sita's father-in-law and King, and Sita is recognized as the daughter-in-law of King Dasaratha [74]. In Uttara Kanda, Chapter 50, Dasaratha is mentioned as the father of Rama, who was informed by Durvasa about future misfortunes [75]. In Uttara Kanda, Chapter 51, Dasaratha seeks the prophecy of his dynasty's future from the sage Durvasa, asking specifically about the longevity of his reign and his sons' lives [76]. In Uttara Kanda, Chapter 59d, Dasaratha's ministers are summoned by Rama to help resolve a dispute [77]. In Uttara Kanda, Chapter 66, Dasaratha is mentioned as the foremost of monarchs and the father of Shatrughna [78]. In Uttara Kanda, Chapter 68, Dasaratha is mentioned as the father of Shatrughna, whose son seeks vengeance against the Rakshasa Lavana [79]. In Uttara Kanda, Chapter 69, Dasaratha is mentioned as the father of Shatrughna and other sons, whose victory over Lavana brings joy to the Devas [80]. In Uttara Kanda, Chapter 75, Dasaratha is mentioned as Rama's father, and Rama introduces himself as 'the son of Dasaratha' to the ascetic he meets [81]. In Uttara Kanda, Chapter 76, Dasaratha is mentioned as Rama's father, and his son, Rama, is referred to as 'Son of Dasaratha' when discussing his royal lineage [82]. In Uttara Kanda, Chapter 99, Dasaratha is mentioned as the father of Rama who is reunited with his queens in the celestial region [83].\n\nReferences:\n[1] Ramayana, Bala-kanda, Chapter 1 - Shri Narada relates to Valmiki the story of Rama\n[2] Ramayana, Bala-kanda, Chapter 2 - Sage Valmiki creates the metrical form for the story\n[3] Ramayana, Bala-kanda, Chapter 5 - King Dasaratha’s kingdom and capital\n[4] Ramayana, Bala-kanda, Chapter 8 - King Dasaratha desires to perform a sacrifice for the birth of a son\n[5] Ramayana, Bala-kanda, Chapter 9 - Sumantra relates a tradition that a son will be born\n[6] Ramayana, Bala-kanda, Chapter 11 - Rishyasringa comes to Ayodhya\n[7] Ramayana, Bala-kanda, Chapter 13 - The Sacrifice is commenced\n[8] Ramayana, Bala-kanda, Chapter 14 - The Ceremonies are performed with the appropriate rites\n[9] Ramayana, Bala-kanda, Chapter 15 - Shri Vishnu resolves to incarnate\n[10] Ramayana, Bala-kanda, Chapter 19 - Vishvamitra’s request\n[11] Ramayana, Bala-kanda, Chapter 26 - How the Yakshini Taraka was slain\n[12] Ramayana, Bala-kanda, Chapter 48 - Gautama's hermitage\n[13] Ramayana, Ayodhya-kanda, Chapter 1 - King Dasaratha desires to see Prince Rama made regent\n[14] Ramayana, Ayodhya-kanda, Chapter 4 - Shri Rama and Princess Sita prepare for the ceremony\n[15] Ramayana, Ayodhya-kanda, Chapter 9 - Queen Kaikeyi is resolved upon her evil design\n[16] Ramayana, Ayodhya-kanda, Chapter 12 - King Dasaratha suffers bitterly\n[17] Ramayana, Ayodhya-kanda, Chapter 15 - Sumantra hurries to Prince Rama’s palace\n[18] Ramayana, Ayodhya-kanda, Chapter 35 - Sumantra arraigns Queen Kaikeyi\n[19] Ramayana, Ayodhya-kanda, Chapter 36 - Queen Kaikeyi disregards the words of the chief minister and the king\n[20] Ramayana, Ayodhya-kanda, Chapter 37 - Shri Sita still desires to enter the forest\n[21] Ramayana, Ayodhya-kanda, Chapter 40 - All Ayodhya is distressed to see Shri Rama’s chariot depart\n[22] Ramayana, Ayodhya-kanda, Chapter 42 - Without Rama the king’s heart finds no rest\n[23] Ramayana, Ayodhya-kanda, Chapter 64 - Overborne by grief the king yields up his life\n[24] Ramayana, Ayodhya-kanda, Chapter 66 - The inhabitants of Ayodhya mourn for their lord\n[25] Ramayana, Ayodhya-kanda, Chapter 101 - Shri Rama hears the account of his father’s death\n[26] Ramayana, Ayodhya-kanda, Chapter 103 - Shri Rama greets the queens\n[27] Ramayana, Ayodhya-kanda, Chapter 105 - Prince Bharata appeals to Shri Rama to return and rule the kingdom\n[28] Ramayana, Ayodhya-kanda, Chapter 108 - A brahmin utters words contrary to dharma\n[29] Ramayana, Ayodhya-kanda, Chapter 110 - Vasishtha calls upon Rama to return\n[30] Ramayana, Ayodhya-kanda, Chapter 113 - Prince Bharata commences the return journey\n[31] Ramayana, Kishkindha-kanda, Chapter 4 - Hanuman bears Rama and Lakshmana into the presence of Sugriva\n[32] Ramayana, Kishkindha-kanda, Chapter 5",
      "chunk_ref_id": 9890099,
      "score": 0.3,
      "reference": "Dhara Summary",
      "is_starred": false,
      "source_title": "Dhara Summary",
      "source_url": "https://ayvm.in/publications",
      "source_type": "merged augmentation"
    },
    {
      "text": "Rama, the eldest son of King Dasaratha and Queen Kaushalya, is depicted as a virtuous, valorous, and wise prince of the Ikshvaku dynasty, born with numerous virtues including compassion, wisdom, and valor as described by Shri Narada in the Ramayana, Bala Kanda, Chapter 1 [1]. According to the Ramayana, Bala Kanda, Chapter 2, Rama is the central figure whose story is narrated by Sage Valmiki as commanded by Brahma, and is described as the essence of virtue and full of the highest attributes [2]. In Bala Kanda, Chapter 3, Rama is depicted as a virtuous and righteous prince whose life, from his valorous deeds to his benevolence and truthfulness, is narrated by Sage Valmiki [3]. \n\nIn Bala Kanda, Chapter 19, Rama is described as a son of Dasaratha whose virtues are known to sages and who is destined to destroy the rakshasas troubling Vishvamitra [4]. According to Bala Kanda, Chapter 23, Rama is one of the princes who performs his morning devotions and visits the hermitage of Kama with Lakshmana, seeking guidance from Sage Vishvamitra [5]. In Bala Kanda, Chapter 25, Shri Rama is a prince of limitless power who is approached by Shri Vishvamitra to perform a righteous duty of slaying the demon Taraka [6]. \n\nIn Ayodhya Kanda, Chapter 2, Rama is praised for his numerous virtues such as righteousness, wisdom, and bravery, making him the ideal candidate for regent [7]. According to Ayodhya Kanda, Chapter 4, Rama is the lotus-eyed prince who is to be installed as successor by his father King Dasaratha upon the advice of astrologers [8]. In Ayodhya Kanda, Chapter 5, Rama welcomed his preceptor Vasishtha and followed his advice to observe a fast before his coronation, as planned by his father, King Dasaratha [9]. \n\nAfter being exiled by Kaikeyi's demand, Rama, according to Ayodhya Kanda, Chapter 11, is described as 'invincible' and 'dearer than life' to Dasaratha, yet Kaikeyi demands his exile for fourteen years [10]. In Ayodhya Kanda, Chapter 19, Rama maintains composure and determination in the face of his exile, highlighting his unwavering commitment to dharma and service to his father [11]. According to Ayodhya Kanda, Chapter 20, Rama, after receiving his mother's blessing, informs her about his impending exile to the Dandaka forest for fourteen years [12]. \n\nIn Aranya Kanda, Chapter 1, Rama is welcomed by the Sages of the Dandaka Forest and is described as an invincible, master of his senses, who enters the Dandaka Forest and is greeted with reverence by the ascetics [13]. According to Aranya Kanda, Chapter 17, Rama is the eldest son of King Dasaratha, described as a long-armed hero who performs morning devotions and resides in a hermitage with his wife Sita and brother Lakshmana [14]. In Aranya Kanda, Chapter 18, Rama restrains Shurpanakha when she advances towards Sita with malicious intent [15]. \n\nIn Aranya Kanda, Chapter 26, Rama is the virtuous warrior who faces and defeats numerous titans including Dushana and Khara, showcasing exceptional archery skills and unwavering determination [16]. According to Aranya Kanda, Chapter 37, Rama is described as a powerful warrior and archer who destroyed the Titan colony at Janasthana, killing Khara and Dushana [17]. In Aranya Kanda, Chapter 47, Rama is described as the husband of Sita whom she calls out for while being abducted by Ravana [18]. \n\nIn Sundara Kanda, Chapter 1, Rama is the prince whose purpose Hanuman seeks to fulfill by finding his abducted wife, Sita [19]. According to Sundara Kanda, Chapter 58, Rama is the husband of Sita, and Hanuman reflects on Sita's inability to live without him [20]. In Sundara Kanda, Chapter 67, Rama is the valiant prince and beloved husband of Sita, whom she calls upon in her lament, expressing her faith in his eventual rescue [21]. \n\nIn Yuddha Kanda, Chapter 101, Rama uses the Gandharva Weapon to decimate Ravana's forces and restore order [22]. According to Yuddha Kanda, Chapter 111, Rama defeats Ravana using a powerful weapon given to him by the sage Agastya [23]. In Yuddha Kanda, Chapter 112, Rama consoles Bibishana, explaining that warriors who die fighting for their duty should not be mourned excessively and instructs him to perform the funeral rites [24]. \n\nIn Uttara Kanda, Chapter 109, Rama leads a grand procession to the Sarayu River for the Mahaprasthana, carrying Kusha Grass and accompanied by various deities and beings [25]. According to Uttara Kanda, Chapter 110, Rama ascends to heaven with his brothers after stepping into the sacred waters of Sarayu [26].\n\nReferences:\n[1] Ramayana, Bala-kanda, Chapter 1 - Shri Narada relates to Valmiki the story of Rama\n[2] Ramayana, Bala-kanda, Chapter 2 - Sage Valmiki creates the metrical form for the story\n[3] Ramayana, Bala-kanda, Chapter 3 - The deeds of Rama that will be described in the sacred poem\n[4] Ramayana, Bala-kanda, Chapter 19 - Vishvamitra’s request\n[5] Ramayana, Bala-kanda, Chapter 23 - Ramachandra and Lakshmana reach the hermitage of Kama\n[6] Ramayana, Bala-kanda, Chapter 25 - Shri Rama is given the celestial weapons\n[7] Ramayana, Ayodhya-kanda, Chapter 2 - The elders and councillors willingly accept Shri Rama as regent\n[8] Ramayana, Ayodhya-kanda, Chapter 4 - Shri Rama and Princess Sita prepare for the ceremony\n[9] Ramayana, Ayodhya-kanda, Chapter 5 - On Vasishtha’s advice Shri Rama and Sita observe a fast\n[10] Ramayana, Ayodhya-kanda, Chapter 11 - Kaikeyi asks for the two boons promised her by Dasaratha\n[11] Ramayana, Ayodhya-kanda, Chapter 19 - Shri Ramachandra betrays no sign of distress and prepares for exile\n[12] Ramayana, Ayodhya-kanda, Chapter 20 - Queen Kaushalya is afflicted and helpless with sorrow\n[13] Ramayana, Aranya-kanda, Chapter 1 - Rama is welcomed by the Sages of the Dandaka Forest\n[14] Ramayana, Aranya-kanda, Chapter 17 - The arrival of Shurpanakha at the Hermitage\n[15] Ramayana, Aranya-kanda, Chapter 18 - The Mutilation of Shurpanakha\n[16] Ramayana, Aranya-kanda, Chapter 26 - Rama destroys the Titans and slays Dushana\n[17] Ramayana, Aranya-kanda, Chapter 37 - Rama and Trishiras meet in Combat: Trishiras is slain\n[18] Ramayana, Aranya-kanda, Chapter 47 - The arrival of Shurpanakha at the Hermitage\n[19] Ramayana, Sundara-kanda, Chapter 1 - The Departure of Hanuman\n[20] Ramayana, Sundara-kanda, Chapter 28 - Sita’s Lament\n[21] Ramayana, Sundara-kanda, Chapter 32 - Sita refuses to be rescued by Hanuman\n[22] Ramayana, Yuddha-kanda, Chapter 109 - The Fluctuations of Combat\n[23] Ramayana, Yuddha-kanda, Chapter 111 - The Death of Ravana\n[24] Ramayana, Yuddha-kanda, Chapter 112 - The Lamentations of Bibishana\n[25] Ramayana, Uttara-kanda, Chapter 109 - Rama’s Departure for the Mahaprasthana\n[26] Ramayana, Uttara-kanda, Chapter 110 - Rama ascends to Heaven with the other Beings",
      "chunk_ref_id": 9890098,
      "score": 0.28,
      "reference": "Dhara Summary",
      "is_starred": false,
      "source_title": "Dhara Summary",
      "source_url": "https://ayvm.in/publications",
      "source_type": "merged augmentation"
    },
    {
      "text": "According to AYVM web, ವಿಶ್ವಶಾಂತಿಗಾಗಿ ನಾವು ಬದಲಾಗೋಣ, Rama is a revered figure in Indian religious texts who is known for his adherence to dharma. He is depicted as having destroyed demons like Ravana, justifying his actions based on the unjust behavior of his adversaries. His actions are seen as examples of righteous violence in defense of dharma.",
      "chunk_ref_id": 9868410,
      "score": 0.27,
      "reference": "AYVM web->ವಿಶ್ವಶಾಂತಿಗಾಗಿ ನಾವು ಬದಲಾಗೋಣ (Vishvashaanthigaagi naavu badalaagona), February 24, 2022, (Auto Translated)",
      "is_starred": false,
      "source_title": "Dhara Facts, AYVM web Kannada Articles",
      "source_url": "https://ayvm.in/publications",
      "source_type": "augmentation"
    },
    {
      "text": "According to AYVM web, ಅಷ್ಟಾಕ್ಷರೀ​ - 51 ಮಮಾಪಿ ತದ್ಭೂತಿಕರಮ್, Rāma is a divine figure who returned to Ayodhya after an exile, celebrated as the central character of the Ramayana, and is revered as a spiritual and moral exemplar.",
      "chunk_ref_id": 9868910,
      "score": 0.27,
      "reference": "AYVM web->ಅಷ್ಟಾಕ್ಷರೀ​ - 51 ಮಮಾಪಿ ತದ್ಭೂತಿಕರಮ್ (Astakshara Darshana 51 Mamapi Tad Bhutikaram), January 7, 2024, (Auto Translated)",
      "is_starred": false,
      "source_title": "Dhara Facts, AYVM web Kannada Articles",
      "source_url": "https://ayvm.in/publications",
      "source_type": "augmentation"
    }
  ]
}







