{"assets/Dhara UI Text Refineing sheet - Sheet1.csv":["assets/Dhara UI Text Refineing sheet - Sheet1.csv"],"assets/chunk.json":["assets/chunk.json"],"assets/fonts/NotoSansBengali-Bold.ttf":["assets/fonts/NotoSansBengali-Bold.ttf"],"assets/fonts/NotoSansBengali-Regular.ttf":["assets/fonts/NotoSansBengali-Regular.ttf"],"assets/fonts/NotoSansDevanagari-Bold.ttf":["assets/fonts/NotoSansDevanagari-Bold.ttf"],"assets/fonts/NotoSansDevanagari-Regular.ttf":["assets/fonts/NotoSansDevanagari-Regular.ttf"],"assets/fonts/NotoSansGujarati-Bold.ttf":["assets/fonts/NotoSansGujarati-Bold.ttf"],"assets/fonts/NotoSansGujarati-Regular.ttf":["assets/fonts/NotoSansGujarati-Regular.ttf"],"assets/fonts/NotoSansGurmukhi-Bold.ttf":["assets/fonts/NotoSansGurmukhi-Bold.ttf"],"assets/fonts/NotoSansGurmukhi-Regular.ttf":["assets/fonts/NotoSansGurmukhi-Regular.ttf"],"assets/fonts/NotoSansKannada-Bold.ttf":["assets/fonts/NotoSansKannada-Bold.ttf"],"assets/fonts/NotoSansKannada-Regular.ttf":["assets/fonts/NotoSansKannada-Regular.ttf"],"assets/fonts/NotoSansMalayalam-Bold.ttf":["assets/fonts/NotoSansMalayalam-Bold.ttf"],"assets/fonts/NotoSansMalayalam-Regular.ttf":["assets/fonts/NotoSansMalayalam-Regular.ttf"],"assets/fonts/NotoSansOriya-Bold.ttf":["assets/fonts/NotoSansOriya-Bold.ttf"],"assets/fonts/NotoSansOriya-Regular.ttf":["assets/fonts/NotoSansOriya-Regular.ttf"],"assets/fonts/NotoSansTamil-Bold.ttf":["assets/fonts/NotoSansTamil-Bold.ttf"],"assets/fonts/NotoSansTamil-Regular.ttf":["assets/fonts/NotoSansTamil-Regular.ttf"],"assets/fonts/NotoSansTelugu-Bold.ttf":["assets/fonts/NotoSansTelugu-Bold.ttf"],"assets/fonts/NotoSansTelugu-Regular.ttf":["assets/fonts/NotoSansTelugu-Regular.ttf"],"assets/img/Dhara.png":["assets/img/Dhara.png"],"assets/img/Dhara_logo.png":["assets/img/Dhara_logo.png"],"assets/prashna.json":["assets/prashna.json"],"assets/prashnaold.json":["assets/prashnaold.json"],"assets/svg/Dhara_vector.svg":["assets/svg/Dhara_vector.svg"],"assets/svg/google_icon.svg":["assets/svg/google_icon.svg"],"assets/unified.json":["assets/unified.json"],"packages/cupertino_icons/assets/CupertinoIcons.ttf":["packages/cupertino_icons/assets/CupertinoIcons.ttf"]}