{
  "version": 2,
  "name": "dhara-flutter-app",
  "builds": [
    {
      "src": "package.json",
      "use": "@vercel/static-build",
      "config": {
        "distDir": "."
      }
    }
  ],
  "routes": [
    {
      "src": "/(.*)",
      "dest": "/$1"
    }
  ],
  "headers": [
    {
      "source": "/(.*)",
      "headers": [
        {
          "key": "Cross-Origin-Embedder-Policy",
          "value": "require-corp"
        },
        {
          "key": "Cross-Origin-Opener-Policy",
          "value": "same-origin"
        }
      ]
    }
  ]
}
